loja,cod,desc,saldo,custo_hoje,preco,valor_exposto
L3,202420,ESMALTE DIVERTIDO BASE DE AGUA TURMA DA ,-12,113.99,238,2856
L3,18528,GOLA HIGIENICA ROLO PCT.C/5 SANTA CLARA,-8,16.27,347.5,2780
L3,181,LIXA BIG CANARIO ST CLARA UN,-52,6.73,36,1872
L5,16103,PINCEL BASE MACRILAN W103,-6,44.81,226.8,1361
L5,62463,PULSEIRA DE METAL  PHD,-2,2.17,670.8,1342
L5,62383,BRINCO DE METAL PHD,-3,1.42,442.8,1328
L5,62464,PULSEIRA DE METAL  PHD,-3,1.42,442.8,1328
L3,202423,BRILHO LABIAL ROLL ON TURMA DA LU,-4,164.63,331.2,1325
L5,62445,BRINCO DE METAL PHD,-5,0.6,190.8,954
L3,62464,PULSEIRA DE METAL  PHD,-2,1.42,442.8,886
L3,75682,RL854 ESPONJA DE MANGA,-3,12,288,864
L5,26608,MASCARA MATIZADORA ALHO THERAPY 500G - N,-12,33.55,66.9,803
L5,64726,SABONETE LIQUIDO FACIAL POS MAKE DETOX  ,-2,33.36,381.6,763
L5,57436,POMADA FINALIZADORA CARMESIM NAO USAR,-3,63.33,250.8,752
L5,63241,WP INVIGO ENRICH KIT SH+MASC+LEAV IN SUN,-2,230.92,349.9,700
L5,62438,BRINCO DE METAL  PHD,-6,0.38,114.72,688
L3,20610,S.LINE MEU LISO MASC.VERMELHA 300G#,-16,11.08,41.9,670
L5,62140,BRINCO DE METAL PHD,-5,0.35,130.8,654
L5,63955,MALA VERTICAL 360 4 RODAS MAT ABS,-1,61.78,643.9,644
L5,62460,BRINCO DE METAL  PHD,-5,0.38,118.8,594
L5,46024,MASC TRAT PROF DIVINE BRAÉ 200G,-3,122.59,194.9,585
L5,76385,COLAR OTIMO 76385,-29,6.16,18.9,548
L3,40044,ESM COLORAMA  JABUTICABA 8ML,-10,3.66,53.4,534
L3,1273,LIXA PARA POLIR,-53,1.34,9.9,525
L5,56007,CERA DEPILATORIA DEPILAR DE CRAVO 500G,-13,17,39.9,519
L3,9683,ESPATULA CREME LUXO PRETO SANTA CLARA,-7,8.33,72.5,508
L3,202435,BRILHO LABIAL UNICORNIO - FRAMBOESA ENCA,-4,59.82,122.5,490
L3,55475,COLA CILIOS SALON PRO 30ML,-1,16.99,478.8,479
L5,56006,CERA DEPILATORIA DEPILAR DE MEL 500G,-12,17,39.9,479
L5,75451,B-EP065-2 ESPONJA COXINHA,-4,5,119.52,478
L5,78053,CARMED HID LAB BG 10G DPLX12 DOCE LEITE,-1,202.85,463.72,464
L5,78575,BSL186-3 SILICONE P/ CABELO,-11,19,41.7,459
L5,63944,MALA VERTICAL 360 4 RODAS MAT ABS,-1,53.01,441.9,442
L3,65777,PINCA DE METAL COMUM,-2,12.6,214.8,430
L5,63828,KIT TRAVEL SIZE REVIVAL BRAÉ 60ML,-2,94.82,208.9,418
L3,77089,brinco,-3,4,130.81,392
L5,62336,BRINCO DE METAL  PHD,-1,1.21,370.8,371
L3,202445,BRILHO LABIAL UNICORNIO - DOCE MELANCIA ,-3,59.11,122.5,368
L5,78437,PIRANHA PIR-426-8663,-30,10.8,11.9,357
L5,76025,SNC TRUE HUE COLOR 55 ML,-2,84.68,169.36,339
L3,5174,BLOCO DE LIXA MARCO BONI,-32,6.91,9.9,317
L3,204323,ATIVO REDUTOR DE CAFE JAPINHA 1LT,-3,43.34,103.9,312
L3,202728,COLA PARA CILIOS POSTICOS RICCA 48H BRAN,-11,13.93,27.86,306
L5,18400,HENNA CASTANHO CLARA DELLA E DELLE 3G,-6,25.07,50.9,305
L5,76308,CHOKER REDENTORA 76308,-1,119.9,299.9,300
L1,45449,KIT CICATRIZE LISOS E ALISADOS SHAMPOO E,-10,13,29.9,299
L3,1731,PALITO UNHA CHANF UN SANTA CLARA,-103,16.83,2.9,299
L3,51217,SERUM HIDRATANTE FACIAL VITAMINA C DAGUA,-1,4.87,299.4,299
L5,62341,BRINCO DE METAL PHD,-1,0.96,298.8,299
L3,26659,ESM COLORAMA OLEO SECANTE,-10,4.62,29.4,294
L5,57411,POMADA EM PO FIXADORA CARMESIM 10GR,-12,88.27,23.9,287
L5,76595,VITAM COLOR RESVERATROL MASCARA 250G,-1,133.91,267.82,268
L5,18399,HENNA CASTANHO MEDIO DELLA E DELLE  3G,-5,25.07,52.9,264
L3,62980,AMPOLA TRIVITT ACIDO HIALURONICO POWER D,-10,9.8,24.9,249
L5,78702,BSL232-4 ELASTICO PARA CABELO,-8,14,30.74,246
L5,45079,FLUIDO BIFHASIC 120 ML HAIR EXTRATTUS,-6,12.99,40.9,245
L3,15945,LIXA POP.PRETA C/100,-12,0.05,20,240
L5,56008,CERA DEPILATORIA DEPILAR DE ALGAS MARINH,-6,17,39.9,239
L5,47301,BRINCO DE METAL PHD,-2,4.5,118.8,238
L3,60545,PALITO LARANJEIRA GRANDE PARA UNHA,-80,0.01,2.9,232
L3,44257,OLEO ARGAN 7 ML INOAR,-21,74.29,10.9,229
L5,64712,LENCO DEMAQUILANTE LOVELY COLAGENO,-21,23.76,10.9,229
L3,202444,PALETA DE SOMBRAS TURMA DA LU,-7,182.71,32,224
L3,203455,BRINCO DE METAL - DAFU,-13,15.36,16.9,220
L5,76347,PRENDEDOR P/ CABELO TAM M MK8594,-22,4.49,9.86,217
L3,62976,PINCA RETA DELLA E DELLE,-8,12.74,26.9,215
L5,64732,SERUM FACIAL CLAREADOR  FACE BEAUTIFUL,-12,19.08,17.9,215
L5,62675,GEL CARMESIM BRILHO MOLHADO LARANJA 235G,-2,23.66,106.8,214
L3,65176,HENNA CASTANHO MEDIO DELLA & DELLE 3G,-4,24.48,52.64,211
L5,57444,POMADA FINALIZADORA EFEITO TEIA CARMESIM,-7,92.47,29.9,209
L5,55996,CERA DEPILATORIA DEPILAR DE MEL 130G,-12,7.2,16.9,203
L5,76633,BOLSA VIVATTI,-2,47.5,100.9,202
L5,77614,LG9295,-1,5.6,196.88,197
L3,202441,ACIDIFICANTE INTENSE BRILHO 200 ML HAIR ,-4,24.44,48.88,196
L5,18369,KIT PINCEL PARA MAQUIAGEM,-3,12.64,63.9,192
L3,62445,BRINCO DE METAL PHD,-1,0.6,190.8,191
L5,62793,BRINCO BOLA,-1,60,190.8,191
L3,79911,SECADOR DE VIAGEM AIRPORT RICCA,-1,79.13,189.92,190
L3,64871,COLA PARA CILIOS POSTICOS RICCA 7G BRANC,-10,9.45,18.9,189
L5,64734,OLEO DE ROSA MOSQUETA 30ML  FACE BEAUTIF,-10,20.4,18.9,189
L5,77582,LG9299,-1,5.25,184.9,185
L5,49426,KIT BANHO DE LUA ESPECIAL SACOLA C/ 9 IT,-5,15.29,35.9,180
L5,64733,SERUM FACIAL VITAMINA C FACE BEAUTIFUL,-10,19.08,17.9,179
L5,10772,6/0 ADVANCED - NÁTUM,-7,3.99,24.9,174
L5,61541,SNC CPR 1 E 2 2X25ML 2 x 25 ML,-1,84.4,168.9,169
L5,64731,MASCARA PRETA BISNAGA DISPLAY  FACE BEAU,-12,14.28,13.9,167
L5,76695,FOLHAS PRONTAS CORPORAL MEL,-1,76.56,164.6,165
L3,30385,PALITO OSSO ANIMAL P/UNHA C/25 SANTA CLA,-41,9.08,3.9,160
L3,47495,KIT HOME CARE MATIZANTE TRIVITT,-1,16.43,159.9,160
L5,56009,CERA DEPILATORIA DEPILAR DE UVA 500G,-4,17,39.9,160
L5,77024,PALETA DE SOMBRAS ROMANCE,-11,76.43,14.56,160
L5,23141,KERATINA RECHARGE NOVEX 80G,-8,4.37,19.9,159
L5,62203,BRINCO DE METAL PHD,-1,0.5,154.8,155
L5,76597,SHAMPOO VITAM COLOR RESVERATROL LOREAL-3,-1,76.88,153.76,154
L5,64529,FLUIDO GLAMOUR CADIVEU 200ML,-2,28.93,75.9,152
L3,41595,ELIXIR BC OLEO NUTRITIVO ABACATE,-6,12.03,24.9,149
L3,63870,HIDRATACAO INTENSIVA TRIVITT - 1KG,-1,25.23,146.9,147
L3,18470,CREME ESFOLIANTE APRICOT FORTE ABRSAO DA,-2,29.64,71.9,144
L3,65130,LIXA MEDIA RS.P/UNHA PCT.C/144,-4,0.05,36,144
L3,203369,RABICO DE POLIESTER - DAFU,-13,8.64,10.9,142
L3,7896013545019,ESM COLORAMA BLACK,-4,5.84,35.4,142
L3,62956,KIT HOME CARE COM HIDRATACAO TRIVITT,-1,9.28,139,139
L3,58606,BOLSA FESTA PEROLA MINU 7534,-1,60,135,135
L5,60338,GLOSS CANDY LIPS - PÊSSEGO,-9,32.15,14.9,134
L5,60339,GLOSS CANDY LIPS - UVA,-9,32.15,14.9,134
L5,7555,ESC BELLIZ ANIMAL SKIN RACKET,-4,14.9,32.9,132
L5,49369,KIT GLANCE HENNA DELINEADOR PARA SOBRANC,-2,20.42,65.9,132
L3,62140,BRINCO DE METAL PHD,-1,0.35,130.8,131
L5,62392,BRINCO DE METAL  PHD,-1,0.42,130.8,131
L3,79627,DF416-PR1218-17-(PRESILHA) - DE METAL CO,-6,9.8,21.52,129
L3,9678,ESPATULA LUXO P/ CREME SANTA CLARA,-26,5.75,4.9,127
L3,79573,DF-UNPT-03-UNHAS POSTICA DE PLASTICO,-7,8.18,17.94,126
L1,55671,PO DESCOLORANTE ITALLIAN COLOR - 400G,-1,16.86,121.9,122
L3,64779,CABINE BRANCO SUNX,-1,9.21,120.9,121
L3,42533,MASCARA FACIAL PEPINO PHALLEBEAUTY,-12,4.4,10,120
L3,79076,MASCARA MATIZADORA LOIRO PERFEITO 300G- ,-2,29.98,59.94,120
L5,3721,BOLSA YH2046C,-1,18.6,119.9,120
L5,41008,KIT PINCEL PROFISSIONAL P/ ILUMINAR C/5 ,-2,112.95,60,120
L5,42533,MASCARA FACIAL PEPINO PHALLEBEAUTY,-12,4.4,10,120
L5,52564,AGUA MICELAR ROSA MOSQUETA PHALLEBEAUTY,-11,4.66,10.9,120
L5,56011,CERA DEPILATORIA DEPILAR DE MACA DO AMOR,-3,17,39.9,120
L5,64721,SABONETE LIQUIDO FACIAL PRE MAKE VITAMIN,-11,11.88,10.9,120
L5,64741,ESPONJA PARA MAQUIAGEM GOTA SORTIDAS  FA,-11,10.8,10.9,120
L3,47301,BRINCO DE METAL PHD,-1,4.5,118.8,119
L5,60340,GLOSS CANDY LIPS - MORANGO,-8,32.15,14.9,119
L5,62265,BRINCO DE METAL  PHD,-1,0.38,118.8,119
L3,203426,LIXA DE EVA - DAFU,-20,5.38,5.75,115
L3,202917,GEL PARA CABELO UNICORNIO - CABELO DE UN,-5,56.43,22.9,114
L5,62902,Mascara Yenzah Cronograma Capilar 3 em 1,-3,16.36,37.9,114
L5,76540,MOCHILA LUCKY GIRL R 9067,-1,55,110,110
L5,76550,MOCHILA R9183,-1,55,110,110
L3,63795,CREME DE PENTEAR HIDRO-RECONSTRUTOR CURV,-2,23.99,53.9,108
L5,52012,COLAR DE METAL PHD,-3,16.5,34.9,105
L3,1141,LIXA EXTRA GROSA ST CLARA UN,-407,7.07,0.25,102
L3,30481,CAPAS PARA CORTE SEM MANGA BARBERSHOP MA,-2,26.05,49.9,100
L5,64405,KIT BANHO DE LUA BASICO CAIXA C/4 ITENS,-4,12.15,24.9,100
L5,76282,CONJUNTO REDENTORA 76282,-1,39.9,99.9,100
L3,76355,BRINCO OTIMO 76347,-9,3.33,10.9,98
L3,44584,FLOR UNITARIA COM SACOLA,-4,3.06,23.9,96
L5,49209,MASCARA COLOR POST RUIVO VALENTE 240G,-2,23.01,47.9,96
L5,49227,GLOSS COM PEROLAS CRISTALINAS IMORTAL,-6,13.1,16,96
L5,77668,BRINCO,-7,6.8,13.6,95
L5,44371,ESPONJA PARA APLICACAO DE MAQUIAGEM MEIU,-7,4.83,13,91
L5,50614,KIT BANHO DE LUA ESSENCIAL SACOLA C/ 6 I,-3,13.99,29.9,90
L5,59116,KIT SALAO NA SUA CASA 1000ML HAIR EXTRAT,-1,34.95,89.9,90
L5,57418,OLEO MINERAL CAPILAR CARMESIM COCO 60ML,-9,2.39,9.9,89
L3,2454,CERA MATIC ROLL-ON MEGA BELL ROSA,-1,29.39,86.9,87
L5,77586,R8853,-1,2.45,86.9,87
L1,20610,S.LINE MEU LISO MASC.VERMELHA 300G#,-2,11.08,41.9,84
L4,20610,S.LINE MEU LISO MASC.VERMELHA 300G#,-2,11.08,41.9,84
L3,124,BLOCO POL  M BONI 5932,-12,2.59,6.9,83
L3,53405,OLEO DE MELALEUCA REPOS 9ML,-7,1.42,11.9,83
L3,65646,ESM RISQUE MEU JEITO ARTISTA SOU EU C/6,-1,41.34,82.68,83
L5,50808,MOUSSE MICELAR PHALLE BEAUTY,-1,28.77,83.04,83
L3,9978,"CERA DEP MAÇA DONA PELE 1,2KG",-2,18.75,39.9,80
L3,63052,Gelatina Ativadora e Umidificadora Cond ,-1,28.98,80,80
L3,203373,PIRANHA DE METAL - DAFU,-9,6.91,8.9,80
L5,4814,MASCARA  ALTA BIOCAP HIDRAMAIS 1KG,-1,38.59,79.9,80
L3,64169,SHAMPOO PRO S.O.S INFUSON LISSE 300ML,-2,3.33,39,78
L3,47806,SERUM VITAMINA C PH0147 PHALLE BEAUTY,-6,13.2,12.9,77
L5,57639,PINCEL PROF LEQUE LINHA W,-6,2.38,12.9,77
L3,202725,PENTES RICCA BASIC PACK 3,-6,5.74,12.6,76
L3,2590,BOLSA DS MOCHILA 6570,-1,34.54,75,75
L5,43072,MAS. PIGM. KAMALEAO COLOR - BOTO ROSA 15,-1,36.9,74.9,75
L5,55688,BOCA ROSA BEAUTY BASE MATE 2 PC- ANA,-1,6.61,74.9,75
L3,46448,LIXA MAD.LUXO P/OS PES SANTA CLARA,-1,1.49,72.16,72
L3,51023,OLEO DE MARULA  FELPS 50ML,-1,30.33,71.9,72
L3,63049,CREME DE PENTEAR AFRICA BAOBA 500G- APIC,-1,22.45,72,72
L5,76374,BRINCO OTIMO 76374,-9,2.33,7.9,71
L3,41141,GEL X&D LED UV GEL PINK NUDE 56G,-1,28,70,70
L3,52114,COLAR DE METAL PHD,-2,16.5,34.9,70
L3,203453,BRINCO DE METAL PEDRA DE VIDRO - DAFU,-5,12.67,13.9,70
L5,30848,ESFOLIANTE P/ OS PES ARGILA VERDE 90G - ,-5,5.27,13.9,70
L5,64586,KIT COM 2 ESPONJAS PARA LIMPEZA,-5,27.88,13.9,70
L5,64588,KIT 12 PINCEIS CILIOS SOBRANCELHAS,-5,27.18,13.9,70
L5,56053,SHAMPOO SUPLEMENTO POWER HAIR 240ML,-1,19.48,67,67
L3,49369,KIT GLANCE HENNA DELINEADOR PARA SOBRANC,-1,20.42,65.9,66
L3,202650,ANASOL PROT. SOLAR FACIAL TSD- ANTIOLEOS,-1,32.86,65.72,66
L5,12248,LIXA LIQUIDA PES 50ML,-3,6.03,21.9,66
L5,48036,8/0 NATUM COLOR,-2,15.68,33,66
L5,48040,6/1 NATUM COLOR,-2,3.99,33,66
L5,76252,BRINCO OTIMO 76252,-3,7,21.9,66
L3,18471,CR ESF APRICOT MEDIO ABRASAO 650G - D'AG,-1,26.75,63.9,64
L3,56198,KIT SOBRANCELHA PHALLEBEAUTY,-4,5.75,16,64
L5,64254,GEL ANTI-IDADE DERMACHEM 100G,-4,4.16,15.9,64
L3,75616,OY174-35 UNHAS POSTI?AS C/ 24 UNI (AUTO ,-1,28.8,63.22,63
L3,203361,ELASTICO - DAFU,-8,4.47,7.9,63
L3,8366,PO DESC. TRADIC. ACT. REFIL 300G,-2,14.36,30.9,62
L3,14832,MS ARGILA BRANCA 120G,-2,15.24,30.9,62
L3,203564,GOLA HIGIENICA DESCARTAVEL DE PESCOCO PA,-8,3.9,7.8,62
L5,28975,ESFOLIANTE CAPILAR ARGILA BRANCA 180G - ,-2,15.35,30.9,62
L3,28121,MASCARA MATIZADORA AMEND SILVER BLONDE 2,-1,25.66,59.9,60
L3,78554,HJ383-6 LINER GEL 8ML,-1,26.4,60.36,60
L3,78874,FIBRA CAPILAR PARA CABELOS CASTANHO ESCU,-1,26.12,59.72,60
L3,202281,SHAMPOO NUTRITIVO CACHOS 300ML- APICE,-1,20.48,59.9,60
L3,49308,OLEO SECANTE TRAT ESM 8ML,-1,1.95,58.8,59
L3,49925,ESCOVA PLAS.TRES FILEIRAS SANTA CLARA,-1,10.6,58.8,59
L3,62427,ESM TOQUE MOCA BONITA CREM 8ML,-1,1.84,58.8,59
L5,75570,HM982-4 KIT NECESSAIRE C/ 3 PCS,-1,144,57.9,58
L3,57673,MEU AMIGO UNICORNIO,-1,27.5,57,57
L3,202419,NECESSAIRE BAILARINA TURMA DA LU,-1,26.09,57.3,57
L5,52058,BRINCO DE METAL PHD,-3,9,18.9,57
L3,60727,"KIT HENNA PARA SOBRANCELHAS MENELA 2,5 G",-1,24.57,55.9,56
L5,30505,ESFOLIANTE P/ O CORPO MARACUJA 90G - PEL,-4,6.24,13.9,56
L5,30843,ESFOLIANTE P/ OS PES TRADICIONAL 90G - P,-4,5.27,13.9,56
L5,30846,ESFOLIANTE P/ O CORPO TRADICIONAL 90G - ,-4,5.27,13.9,56
L5,60729,"KIT HENNA PARA SOBRANCELHAS MENELA 2,5 G",-1,5,55.9,56
L5,62863,SAIS ESPUMANTES MORANGO DIA A DIA 280G L,-2,12.54,27.9,56
L5,78479,NECESSAIRE NCS-398,-1,4.3,55.5,56
L5,79327,CREME DE TRATAMENTO OLEO DE ABACATE PROB,-3,10.24,18.52,56
L5,75516,FH06 PINCEL P/ BLUSH (LINHA ANGEL),-10,29.16,5.49,55
L3,52564,AGUA MICELAR ROSA MOSQUETA PHALLEBEAUTY,-5,4.66,10.9,54
L3,59192,ORNAMENTO PARA CABELO PALITO,-8,0.14,6.72,54
L3,64854,SHAMPOO A SECO SEM PERFUME RICCA 150ML,-2,13.34,26.9,54
L3,202870,SABONETE ALYNE FRUTTI MORANGO 1L,-3,7.87,18.12,54
L3,79645,DF7-GT25-CONJUNTO UNHA (1 DECORACAO PARA,-7,3.35,7.36,52
L3,203456,BRINCO DE METAL -  IMITACAO PEROLA - DAF,-4,12.67,12.9,52
L5,12265,ESFOLIANTE P/ PES FORTE 280G - PELO E PE,-2,7.93,25.9,52
L5,57774,COND CICA THERAPY  200ML -  SIAGE EUDORA,-1,32.93,51.9,52
L5,16617,3/0 MAXTON,-3,4.82,16.9,51
L3,9097,COLOR INTENSY 12.11 -  AMEND,-2,16.45,24.9,50
L3,12944,LIXA POP.PARDA P/UNHAS C/100,-2,4.21,25,50
L3,16152,UNHAS VEM BORDO RICCA,-2,11.59,24.9,50
L3,19512,MS ARGAN PRACAXI LOLA 230G,-1,14.99,49.9,50
L5,10773,7/0 ADVANCED - NÁTUM,-2,3.99,24.9,50
L5,10785,6/7 ADVANCED - NÁTUM,-2,4.03,24.9,50
L5,62465,PAPEL COM VELCRO SANTA CLARA,-2,12.87,24.9,50
L3,59619,QUERATINA LIQUIDA PHYTO KERATIN CONDICIO,-1,21.59,48.9,49
L3,78559,HJ382-7 ESMALTE MAGNETICO 7.50ML,-1,21.6,49.38,49
L3,202417,NECESSAIRE VIAGEM DIVERTIDA TURMA DA LU ,-1,22.35,48.78,49
L5,55942,ESPONJA PARA MAQUIAGEM 12UND,-10,0.5,4.9,49
L3,58722,CONDICIONADOR FORTIFICANTE CABELEIRA 300,-1,22.42,47.9,48
L5,120,EMP CUTIC REF 1815 MARCO BONI,-4,6.62,11.9,48
L5,52053,COLAR DE METAL PHD,-2,11.5,23.9,48
L5,60330,BATOM SÓ LOVE - COR 04,-7,3.1,6.9,48
L3,1741,PULS MILANO PRATA 459208,-6,3.16,7.9,47
L3,79560,MASCARA PIGMENTANTE CANCER 100 G KC SIGN,-1,23.34,46.68,47
L5,6710,OX VIOLET 40VOL NATUM 900ML,-1,7.97,46.9,47
L3,76328,BRINCO OTIMO 76328,-2,7.5,22.9,46
L3,79977,CH BARBERSHOP GEL P/ BARBEAR,-1,18.58,45.68,46
L3,204092,COLOR CHANGE SHAMPOO CASTANHO MEDIO,-1,22.02,45.88,46
L5,54499,KIT LA BENIG FIXADOR 10ML/HENNA CAST MED,-1,20.68,45.9,46
L5,78386,NECESSAIRE - 060XG,-1,7.19,45.98,46
L3,30159,BEMDITA GHEE BANANA SHAMPOO 250ML - LOLA,-1,21.33,44.9,45
L3,41453,MOLDES ADES UNHA 27928,-1,0.01,45,45
L3,42669,BRINCO FLOR BRANCA - F27163311,-3,5.09,14.9,45
L3,62918,DREM FACIAL  HIDRAMAIS . 250 ML,-1,22.05,44.9,45
L3,62954,REPARADOR DE PONTAS TRIVITT 30ML,-1,8.06,45,45
L5,76158,COLAR POMBA DA PAZ OTIMO,-3,4.91,14.9,45
L5,77078,PULSEIRA,-7,3.2,6.4,45
L3,65020,CONDICIONADOR  BANHO DE VERNIZ FELPS 250,-1,19.4,43.9,44
L5,60048,ESPATALA DE SILICONE,-4,15,10.9,44
L5,64722,SABONETE LIQUIDO FACIAL POS MAKE ANTISTR,-4,11.88,10.9,44
L5,75812,ESC PROF TERMICA REF 828 DOURADA COM MAR,-1,22.01,44.02,44
L3,19715,7/77 LOURO MEDIO COBRE EXTRA IGORA 60G,-1,18.53,42.9,43
L3,61701,TOP COAT SELANTE GLITTER,-1,21.46,42.9,43
L3,58178,ESM NATI ULTRA GLITTER MARAVIGOLD,-3,4.05,13.9,42
L3,63792,SHAMPOO HIDRO-RECONSTRUTOR CURVAS MAGICA,-1,19.71,41.9,42
L5,20647,FOLHAS PRONTAS CORPORAL MEL TUTTI DEPIL,-2,9.98,20.9,42
L5,30847,ESFOLIANTE P/ O CORPO ARGILA VERDE 90G -,-3,5.32,13.9,42
L3,54871,OX 40 VOL ITALLIAN COLOR 90ML,-1,1.95,40.66,41
L5,1826,PENTE CP 180? ST CLARA 896,-7,3.03,5.9,41
L5,58838,7.77 - LOURO MEDIO MARROM INTENSO MUTARI,-1,10.63,40.9,41
L5,60329,BATOM SÓ LOVE - COR 03,-6,3.1,6.9,41
L3,76310,BRINCO OTIMO 76310,-5,2.5,7.9,40
L5,6811,CAPA MAQUIAGEM LAME CHIGARRET SANTA CLAR,-1,21.96,39.9,40
L5,7550,PAPEL ISOLMANTA 9 X40 C36 VERTIX,-4,4.84,9.9,40
L5,52607,MASCARA FACIAL CARVAO ATIVADO PHALLEBEAU,-4,0.33,10,40
L5,62679,OLEO MINERAL CAPILAR CARMESIM QUERATINA ,-5,23.66,7.9,40
L5,77172,CX PRESENTE QUAD M,-1,13.04,39.9,40
L3,203365,PIRANHA DE METAL - DAFU,-3,11.52,12.9,39
L3,10485,RK PINCEL MAQUIAGEM DUO FIBER,-1,19.57,38,38
L3,62523,SHAMPOO TONALIZANTE PRETO KISS NY,-1,21.8,37.9,38
L3,78149,PH0562 GEL HID REVIGORANTE ANTIOLEOSIDAD,-2,9.46,18.92,38
L3,203829,SAB LIQ ALYNE FRUTTI MARACUJA 1L,-2,7.87,19.04,38
L5,14247,ESF CORPO MARACUJA 500G PELO E PELE,-1,18.09,37.9,38
L5,20623,ESFOLIANTE P/ O CORPO MAX FORTE 500G - P,-1,12.02,37.9,38
L5,65044,MASC FACIAL ARGILA BRANCA CLAREADORA 130,-1,17.06,37.9,38
L3,60942,SHAMPOO  MEU CACHO MEU CRUSH INOAR 500 M,-1,18.49,36.9,37
L3,79578,DF-AD1303 BROCA FACIAL,-3,5.6,12.3,37
L5,77604,R8915,-1,1.05,36.92,37
L3,64366,BAUNY PO COMPACTO FPS25 10G - COR 060,-1,14.25,35.9,36
L3,65483,ESMALTE CORA O MELHOR 10ML AI QUE LUXO C,-6,2.62,5.98,36
L5,8683,UNHA PORT BIPM210BR KISS,-1,15.47,35.9,36
L5,61562,B10010 NECESSAIRE TRAVEL,-1,1.4,35.9,36
L5,62222,BRINCO DE METAL PHD,-3,0.46,11.9,36
L5,76234,BRINCO OTIMO 76234,-3,3.92,11.9,36
L3,203366,PIRANHA DE METAL COM ORNAMENTO DE PLASTI,-6,4.8,5.9,35
L5,12258,KIT BANHO DE LUA ESPECIAL,-1,14.27,34.9,35
L5,52114,COLAR DE METAL PHD,-1,16.5,34.9,35
L3,1825,BRINCO GRANDE,-1,0.37,33.9,34
L3,18262,BRINCO,-2,7.84,16.9,34
L3,57190,BR BF GOTA C/ STRASS METADE,-1,0.01,34,34
L3,58145,8.0 LOIRO CLARO ITALLIAN COLOR 60G,-1,5.34,34.5,34
L3,58148,7.3 LOIRO DOURADO ITALLIAN COLOR 60G,-1,5.38,34.5,34
L3,78593,KIT1138 KIT DE ESPONJAS,-1,17,34,34
L3,202767,SERUM BROW MODELATION INCOLOR CILIOS E S,-1,16.99,33.98,34
L5,5222,SPRAY SEC IMPALA 400ML,-2,7.72,16.9,34
L3,27569,PIRANHA COM FLOR TECIDO MÉDIA - ZGY,-6,2,5.53,33
L3,203423,CILIOS POSTICOS FIO A FIO DE FIBRA TEREF,-3,9.6,10.9,33
L5,48034,6/0 NATUM COLOR,-1,16.25,33,33
L5,48063,55/62 NATUM COLOR,-1,4.39,33,33
L5,77859,ESCOVA RAQUETE MARBLE BRANCA,-1,16.69,33.38,33
L3,27407,PRISILHA LACO G,-3,1,10.5,32
L3,62467,ESM COL FINI BEIJOS FINI C/6,-3,32.4,10.8,32
L5,40063,ESTOJO MATTE METALIC  VIVAI,-1,0.12,31.89,32
L5,52048,BRINCO DE METALPHD,-1,14.4,31.9,32
L5,76334,BORRIFADOR 150 ML MK9386,-2,7.18,16.22,32
L5,76446,LANTEJOULAS PARA UNHA,-2,7,15.82,32
L3,2620,500 SUPERIA  AMEND,-1,17.03,30.9,31
L3,19830,ILUMIN COMPAC  RENEE ANAIRANA,-1,0.01,29.9,30
L3,52668,ESMALTE 10ML 7 MARAVILHAS CREMOSO DOCE D,-5,0,5.9,30
L5,5150,0/13 NATUM COLOR,-1,4.03,30,30
L5,48255,ESMALTE IMPALA BARBIE MAGIA DE UNICORNIO,-5,2.74,5.9,30
L3,573,ESM RISQUE DUNA 8ML,-1,3.04,29.4,29
L3,7896013545026,ESM RISQUE BRANCO PURISSIMO,-1,3.31,29.4,29
L5,5199,ESM RISQUE CAFE BRASIL,-6,2.65,4.9,29
L3,5716,BRINCO ARGOLA AÇO INOXIDAVEL,-2,0.01,13.9,28
L3,8456,ESM IMP CREM MARILYN C/6,-8,1.83,3.5,28
L3,23817,CREME DEPILATORIO CORPORAL BANHO 120G - ,-1,14.62,27.9,28
L3,47887,AGUA OXIGENADA CREM ALYNE 30V 1L,-2,7.02,14,28
L3,79414,ESMALTE IMPALA (IM)PREVISIVEL DUO COLOR ,-4,3.48,6.96,28
L5,76463,SUTIA NIPPLE SILICONE PAD,-11,15.4,2.57,28
L3,76256,BRINCO OTIMO 76256,-3,3,9,27
L3,203454,BRINCO DE METAL DE FLOR - DAFU,-3,6.91,8.9,27
L3,77665,PULSEIRA,-3,4.3,8.6,26
L5,14835,ESF PES TRADICIONAL 280G - PELO E PELE,-1,11.06,25.9,26
L5,60145,ESCOVA,-2,0.81,12.9,26
L3,18887,MS SOS CAFE SALON OPUS 400G,-1,13.74,24.9,25
L3,76240,BRINCO OTIMO 76240,-1,8.3,24.9,25
L5,10771,3/0 ADVANCED - NÁTUM,-1,3.99,24.9,25
L5,57255,5/0 ADVANCED,-1,3.99,24.9,25
L5,57434,CREME ESFOLIANTE PERNAS E PES 3X1 CARMES,-1,76.33,24.9,25
L3,52053,COLAR DE METAL PHD,-1,11.5,23.9,24
L3,76255,PULSEIRA OTIMO 76255,-1,7.9,23.9,24
L5,57645,ESPONJAS PARA PO COMPACTO,-3,1.53,7.9,24
L3,20050,COL PERM S AMONIA KIT BC PURISSI 7.1,-1,10.39,22.9,23
L3,79807,PINCEL P/DES.ARTISTICO N.2 IMP,-3,3.63,7.54,23
L3,203425,LIXA DE UNHA DE ESPONJA -DAFU,-6,3.46,3.9,23
L3,204179,PERFUME CAPILAR  PITAYA E BAUNILHA  FRAS,-1,11.63,23.26,23
L5,18500,SPRAY SEC ESM 5 CINCO 400NL,-1,16.85,22.9,23
L5,20649,CERA DEPILATORIA CAMOMILA 250G TUTTI DEP,-1,6.66,22.9,23
L5,76251,COLAR OTIMO 76251,-1,7.5,22.9,23
L5,76328,BRINCO OTIMO 76328,-1,7.5,22.9,23
L3,6837,REFIL PO DESC GERME TRIGO YAMA 300G,-1,10.01,22,22
L3,18786,3/0 KIT BEAUTY COLOR PURISSI SEM AMONIA,-1,11.38,21.9,22
L3,203440,PRESILHA DE METAL POLIESTER - DAFU,-2,10.37,10.9,22
L5,4107,OX CARE LISS VOL 30 850ML,-1,9.05,21.9,22
L5,52113,COLAR DE METAL PHD,-1,10.5,21.9,22
L5,59741,QUARTETO DE SOMBRAS AMALFI DERMACHEM LAB,-1,10.31,21.9,22
L3,15980,BACIA CINZA 0 SANTA CLARA,-3,3.55,6.9,21
L3,58892,REMOVEDOR COM ACETONA ALYNE BLUE 500 ML,-1,9.75,20.9,21
L3,76327,BRINCO OTIMO 76327,-1,6.95,20.9,21
L5,52003,BRINCO DE METAL PHD,-1,10.5,21,21
L5,62677,POMADA ESTILIZADORA 3 EM 1 CARMESIM 150G,-1,63.46,20.9,21
L3,5073,12/0 KIT BEAUTY COLOR,-1,9.7,19.9,20
L3,17292,DEPILBELLA CERA MICRO-ONDAS CHOCOLATE BR,-1,6.72,19.9,20
L3,45725,CONJUNTO BELEZA C04 PLASTICO PRINCESA,-1,3.95,20,20
L3,76250,COLAR OTIMO 76250,-1,6.7,19.9,20
L3,76311,BRINCO OTIMO 76311,-2,3.25,9.9,20
L5,62453,BRINCO DE METAL  PHD,-1,0.75,19.9,20
L3,52058,BRINCO DE METAL PHD,-1,9,18.9,19
L3,59744,AGUA MICELAR ACIDO HIALURONICO - DERMACH,-1,4.39,18.9,19
L3,63008,MICRO NUCLEAR PROFESSIONAL MUNDIAL 208M,-1,9.01,18.9,19
L3,75583,HP895-11 BICO DE PATO C/ 4 UNIDADES,-1,8.8,19.32,19
L3,75637,OY435-9 BROCA TUNGSTENIO P/ AREA DA CUTI,-2,53.64,9.52,19
L5,75340,ESCOVA PIRULITO 4018 DISPLAY C/ 16 UN,-1,153,19.13,19
L3,43555,GEL PEEL OFF ARGILA VERDE - DERMACHEM,-1,3.84,17.9,18
L3,49393,FD ALGODAO CARD HID NATHY 250G ROLO 40UN,-42,242.11,0.42,18
L3,52639,ESMALTE 10ML ESSENCIAIS CREMOSO A FRANCE,-3,0,5.9,18
L3,65484,ESMALTE CORA O MELHOR 10ML AI QUE LUXO T,-3,2.62,5.98,18
L3,78661,BLUSH LIQUIDO CHEEK TO CHEEK - HB61161 -,-1,7.98,17.5,18
L3,78663,BLUSH LIQUIDO CHEEK TO CHEEK - HB61163 -,-1,7.98,17.5,18
L5,20471,PO DESC ULTRA BLONDE 50G,-1,4.72,17.9,18
L5,50483,ESCOVA MAYA DIVERSAS DOMPEL,-1,7.65,17.9,18
L5,51349,COND ALYNE PESSEGO NUTRITIVO 1L,-1,9.03,17.9,18
L5,62405,BRINCO DE METAL  PHD,-1,0.7,17.9,18
L3,59546,SH S OPUS NUTR & CRES. 350ML,-1,8.98,16.9,17
L3,65105,ESCOVA RS.CERDAS BR.P/UNHAS,-3,1.41,5.7,17
L3,78667,CORRETIVO LIQUIDO FLAWLESS COLLECTION HB,-1,7.76,17,17
L3,78669,CORRETIVO LIQUIDO FLAWLESS COLLECTION HB,-1,7.76,17,17
L5,30386,"VITAMINA A 2,8 ML.",-6,0.59,2.9,17
L5,30401,"VITAMINA BOMBA 2,8 ML",-6,0.59,2.9,17
L5,30411,"VITAMINA OLEO DE TUTANO 2,8 ML",-6,0.59,2.9,17
L5,47537,BRINCO SUCESSO ARGOLA RB138,-1,8.68,16.9,17
L3,49396,ALGODAO CARD HID NATHY 50G BOLA 5PACKS,-4,165.44,4,16
L3,59203,ESPONJA ESFU SOMB CURVEX,-4,2.33,4,16
L3,59312,LAPIS DERMATOGRAFICO MARROM DELLA E DELL,-1,7.26,15.9,16
L3,76314,BRINCO OTIMO 76314,-1,5.25,15.9,16
L3,76363,BRINCO OTIMO 76363,-2,2.33,7.9,16
L5,3235,BR CENTRAL 7686,-1,2.87,15.9,16
L3,1573,COLAR CLRS-0152-OB,-1,6.42,14.9,15
L3,19200,ESM  GLIT FIO OURO 8ML LUDURANA,-3,1.33,4.9,15
L3,59745,AGUA MICELAR VITAMINA C - DERMACHEM,-1,4.39,14.9,15
L3,60663,SERUM FACIAL CLAREADOR 30ML PHALLEBEAUTY,-1,15.81,14.9,15
L3,65523,ESMALTE IMPALA MOVIMENTA! CREMOSO NADAR ,-3,2.53,5.06,15
L3,77071,BRINCO,-2,3.7,7.4,15
L3,77090,BRINCO,-2,3.8,7.6,15
L3,79806,PINCEL P/DES.ARTISTICO N.1 IMP,-2,3.63,7.54,15
L5,23052,ESM COL CREM AMEIXA,-3,8.43,4.9,15
L5,48648,PINCEL PROF P/ SOBRANCELHA 01 DELLA E DE,-1,6.9,14.9,15
L5,76478,ESPONJA,-9,9.8,1.63,15
L3,1143,PROTETOR DEDOS PRANCHA STA CLARA 496,-1,4.73,13.9,14
L3,4798,PINCEL ESP BICOLOR MARCO BONI 1451,-1,7.13,13.9,14
L3,5248,MINI KIT FASHION COLOR 3.0 YAMA,-1,5.74,13.9,14
L3,42403,SOLUCAO P/ SOBRANCELHA BROW SOLUTION MAD,-1,6.73,14,14
L3,59570,BASE EM GEL ALLSMILE BY REAL LOVE,-1,6.8,14,14
L3,76244,BRINCO OTIMO 76244,-1,4.4,13.9,14
L3,76862,ESM COLORAMA FINI_NU BEIJOS FINI,-2,26.78,6.9,14
L3,79278,ESMALTE 10ML PRA LA DE MARRAKESH MAGIA D,-2,3.06,7,14
L3,79281,ESMALTE 10ML PRA LA DE MARRAKESH MENTA M,-2,3.06,7,14
L3,79283,ESMALTE 10ML PRA LA DE MARRAKESH CEU DE ,-2,3.06,7,14
L3,203885,ESMALTE CREMOSO LEILA 5ML,-3,2.25,4.5,14
L5,28596,E15-07120 ESPONJA PARA MAQUIAGEM DZ C/ 1,-2,8.57,6.9,14
L5,30390,"VITAMINA ARGAN 2,8 ML.",-5,0.59,2.9,14
L5,30393,"VITAMINA QUERATINA 2,8 ml",-5,0.59,2.9,14
L5,30404,"VITAMINA CHOQUE DE FORCA 2,8ML",-5,0.59,2.9,14
L5,30408,"VITAMINA DE OLEO DE COCO 2,8ML",-5,0.59,2.9,14
L5,64294,LIP FRUITS LIP TINT VIVAI,-1,0.17,13.9,14
L5,76235,BRINCO OTIMO 76235,-1,4.5,13.9,14
L3,18656,KIT SUPER BONITA 7.0 PROBELLE,-1,4.98,12.9,13
L3,52738,PeMax Pantenol FlipTop 400ml,-1,0,12.9,13
L3,64099,LACO INFANTIL 4 UND,-1,78,13,13
L3,202607,KIT SUPER BONITA 7.7 PROBELLE,-1,6.29,12.58,13
L5,76329,ESPONJA VELVET PREMIUM MK9980,-1,6.3,12.6,13
L3,1095,TIRA MANCHAS SOFT HAIR 100ML,-1,6.39,11.9,12
L3,51272,LIXA POLIDOR DAFU,-3,2,4,12
L3,51287,ADESIVO SUTIAN MISS FRANDY,-1,2.6,12.22,12
L3,52842,Cora 9ml Black 16 Frapuccino,-3,0,3.9,12
L3,62222,BRINCO DE METAL PHD,-1,0.46,11.9,12
L3,65481,ESMALTE CORA O MELHOR 10ML AI QUE LUXO B,-2,2.62,5.98,12
L3,203445,PRESILHA DE METAL COM POLIESTER - DAFU,-1,10.37,11.9,12
L5,1515,PENTE VERTIX ION REF 1617 BELLIZ,-2,3,5.9,12
L5,12746,SAB INTIMO FRESH HIDRADERM FARMAX 200ML,-1,6.19,11.9,12
L5,12747,SAB INTIMO NEUTRO HIDRADERM FARMAX 200ML,-1,6.19,11.9,12
L5,30391,"VITAMINA HORMONIO 2,8 ML",-4,0.59,2.9,12
L5,30392,"VITAMINA PROTEINA 2,8 ml",-4,0.59,2.9,12
L5,30394,"VITAMINA ALHO 2,8 ml",-4,0.59,2.9,12
L5,30399,"VITAMINA SEMENTE UVA 2,8 ML",-4,0.59,2.9,12
L5,30400,"VITAMINA POS QUIMICA 2,8 ML",-4,0.59,2.9,12
L5,76366,ESCOVA FACIAL MK 3247,-1,6.15,12.3,12
L5,76476,KIT ESPONJA,-13,5.6,0.93,12
L3,1120,PAPEL P/MECHAS ISOLM S/ VEL 450 ST CLARA,-1,2.5,10.9,11
L3,5265,MINI KIT FASHION COLOR 8.66 YAMA,-1,5.84,10.9,11
L3,41043,TOUCA NERO C/ BARRA PRETA SANTA CLARA,-1,1.31,10.9,11
L3,59754,SABONETE VITAMINA C ANTI IDADE 100 ML - ,-1,3.85,10.9,11
L3,64869,LAMINA DE BARBEAR DUPLO FIO ENOX SUPER (,-1,0.73,10.9,11
L3,75610,OY041-13 CARTELA DE UNHA POSTICA REDONDA,-2,8.34,5.48,11
L5,9767,LUVA BLACK G COM 2 UN 1497,-1,5.52,10.9,11
L5,11796,APAR FEM SOFT 1751,-2,2.42,5.62,11
L5,29164,BRINCO DE METAL 8124,-1,4.2,10.9,11
L5,62138,BRINCO DE METAL PHD,-1,5,10.9,11
L5,76461,KIT PULSEIRA DE ACRILICO,-8,8.4,1.4,11
L3,12180,8/1 KIT BELA COR,-1,5.07,9.5,10
L3,15006,PULSEIRA LB281145,-1,2,9.9,10
L3,20354,ESM RISQUE CILIOS ENCANTADOS,-2,2.44,4.9,10
L3,20356,KIT 4/0 MAXTON,-1,5.5,9.5,10
L3,20363,BRINCO NIELY 20363,-1,0.01,10.5,10
L3,75634,OY434-1 BROCA P/ REMOCAO E ACABAMENTO 3/,-1,53.64,9.52,10
L5,3292,PINÇA  FLEX MUNDIAL 110,-5,11.14,1.9,10
L5,19166,ESM LUDURANA IDEAL,-2,17.4,4.9,10
L5,40884,BATOM 2X1 LIPSTICK & LIPGLOSS P&W,-1,0.01,9.9,10
L5,58792,ADESIVO P/ UNHA ARTESANAL ELIANE,-2,0.01,5,10
L3,17644,DBELLA REFIL PROPOLIS 100G,-1,4.14,8.9,9
L3,65513,CORA 10ML NEW GLITTER RUBY RADIANTE A001,-2,2.07,4.74,9
L3,75008,OLEO DE MELALEUCA 15 ML,-1,4.76,8.92,9
L3,76233,PULSEIRA OTIMO 76233,-1,2.67,8.9,9
L3,79383,FUSAO ESMALTE PEROLADO HITS 8ML (LOTE: 2,-1,3.91,8.94,9
L3,7896013545006,ESM COLORAMA LEITE DE COCO,-1,1.27,9,9
L5,2495,LIXA GRANDE MARCO BONI 6002,-1,4.06,8.9,9
L5,30407,"VITAMINA GERME DE TRIGO 2,8ML",-3,0.59,2.9,9
L5,30410,"VITAMINA CHOQUE BRILHO 2,8 ML",-3,0.59,2.9,9
L5,64948,AGUA OXIGENADA 30 VL COLOR INTENSY 75ML ,-1,3.82,8.9,9
L5,75334,PENTE CABO FINO 4549  BARBER GOLD,-1,4,8.78,9
L5,75705,2601 - AGUA OXIGENADA 30/450ML,-1,4.4,8.8,9
L5,76256,BRINCO OTIMO 76256,-1,3,9,9
L5,77423,ESPONJA DE PO POWDER PUFF GLASS HBS04 RU,-1,4.42,8.84,9
L3,57554,ESM NATI FABY CARDOSO CHEGUEI  ATRASADA ,-1,3.6,7.9,8
L3,58566,MEDIDOR VISAGE,-1,0.01,8.5,8
L5,4590,BLUSH 01 MAX LOVE,-1,7.5,7.9,8
L5,15166,UMECT LEITE COCO 100ML,-1,4.65,8.5,8
L5,57703,BRINCO PEROLA HUNKY,-2,0.55,3.9,8
L5,63853,CORTADOR DE METAL PARA UNHA,-1,4.5,7.9,8
L5,64409,DESCOLORANTE CAPILAR QUERATINA E ARGAN 5,-1,3.95,7.9,8
L5,75948,PENTE EM NYLON - CARBONO - C/CABO DE MET,-1,3.84,8.42,8
L5,76319,PINCEL CHANF PRECISAO PREMIUM MK4329,-1,4.2,8.4,8
L5,77090,BRINCO,-1,3.8,7.6,8
L3,607,ESM IMP ALLURE,-2,1.57,3.5,7
L3,3422,PAPEL DEP SAT CLARA 800,-2,1.54,3.6,7
L3,60780,BOX 12 AGUA MICELAR ACTIVE 250ML PH021 P,-4,11.2,1.87,7
L3,64474,CORTADOR DE UNHA C/ CHAV. (EM CAIXA) ENO,-2,1.68,3.58,7
L3,76150,COLAR CRUZ OTIMO,-1,2.45,6.9,7
L3,202315,ESMALTE MARATONANDO CHEIO DE SUSPENSE BL,-1,3.32,6.64,7
L3,203915,ESMALTE TRANSPARENTE NEON VEU 10 ML,-1,3.68,7.36,7
L5,6068,DELIN 3D A PROVA DE AGUA TANGO,-1,2.08,6.9,7
L5,18350,PRODUTO GENERICO,-7,0.1,1,7
L5,63392,LIXA ANAT.ACR.FUME ST.CLARA,-1,1.7,6.9,7
L3,52658,Cora 10ml Cuidados Base Brilho,-1,0,5.9,6
L3,52837,ESMALTE 10ML ESSENCIAIS CINTILANTE CHIC ,-1,0,5.9,6
L3,63368,ESMALTE IMPALA A COR DA MODA CREMOSO BEL,-1,2.53,5.9,6
L3,63373,ESMALTE IMPALA JU PAES - NA ESTRADA META,-1,2.93,5.9,6
L3,65503,ESMALTE CORA O MELHOR 10ML PE NA AREIA C,-1,2.62,5.98,6
L3,77076,BRINCO,-1,2.8,5.6,6
L3,79582,DF7-GT6910-4-DECORACAO PARA UNHA DE PLAS,-1,2.85,6.26,6
L3,203131,PIRANHA 15,-1,3.07,6.4,6
L5,30389,"VITAMINA KARITE 2,8 ml",-2,0.59,2.9,6
L5,30405,"VITAMINA OLEO DE ABACATE 2,8ML",-2,0.59,2.9,6
L5,47372,ESMALTE IMPALA BARBIE ALEM DO ARCO IRIS ,-1,2.74,5.9,6
L5,52604,SKIN CONFORT PHALLEBEAUTY,-6,5.41,1.08,6
L5,62700,ESPONJA PARA MAQUIAGEM,-1,1.23,5.9,6
L5,75688,SL678-3 SILICONE PARA CABELOS,-31,1,0.18,6
L3,15272,ESMALTE IMPALA TRANSPARENTE BETERRA,-1,2.55,4.9,5
L3,30329,ESMALTE IMPALA  CREMOSO TOMATE,-1,2.56,4.9,5
L3,50984,VERNIZ COM PARTICULAS RADIANTES PONTO DE,-1,23.68,4.9,5
L3,64981,ESMALTE IMPALA MOVIMENTA! CREMOSO SEGURA,-1,2.42,4.9,5
L3,64996,HB 8080-2 CORRETIVO LIQUIDO FLAWLESS BEG,-3,0.89,1.78,5
L3,77693,BRINCO,-1,2.6,5.2,5
L3,78310,ESMALTE IMPALA A COR DA MODA CREMOSO SOS,-1,2.56,5.14,5
L3,202868,REMOVEDOR GUARARAPES ALYNE 100ML,-1,2.3,5.26,5
L5,8047,LIXA EVA PES SANTA CLARA 2349,-1,1.33,4.9,5
L5,8066,PINCA PROF ESC PTA ST CLARA,-1,2.52,4.9,5
L5,19175,ESM  RUBRA 8ML LUDURANA,-1,2.21,4.9,5
L5,19186,ESM BASE INCOLOR 8ML LUDURANA,-1,1.96,4.9,5
L5,19191,ESM  OLEO SECANTE 8ML LUDURANA,-1,1.73,4.9,5
L5,64581,ESPONJAS PUFF P/ MAQUIAGEM,-1,6.09,5.07,5
L5,75457,BL005 LIXA PARA UNHA,-8,6.25,0.57,5
L5,77531,DF-PR235003 ORNAMENTO PARA CABELO,-1,4.2,4.9,5
L5,77532,BROCA(REFIL),-1,8.4,4.9,5
L5,78467,PIRANHA PIR-379,-1,4.3,4.6,5
L3,705,ESM IMP COFFEE,-1,2.2,3.5,4
L3,1744,BRINCOS 08,-1,3.84,3.99,4
L3,7131,PO DESC. PROTE?O FIOS 20G,-1,1.57,3.9,4
L3,42525,SACHE UNHA HELLO MINI 20UN,-2,0.73,2,4
L3,75260,LIXA ANAT.POPULAR LILAS P/PES,-1,0.92,4.04,4
L3,203861,ESMALTE CINTILANTE LUCIANA 5ML,-1,2.25,4.5,4
L3,203862,ESMALTE CINTILANTE MAYARA 5ML,-1,2.25,4.5,4
L3,203866,ESMALTE CREMOSO ADRI 5ML,-1,2.25,4.5,4
L3,203917,ESMALTE TRASNPARENTE NEON VEUZINHO 5ML,-1,2.25,4.5,4
L5,1819,LIXA ESFOLIANTE PES SANTA CLARA,-1,1.9,3.9,4
L5,47417,LIXA PROF. GRAN. MEDIA ENOX BANANA 150/2,-1,1.87,3.9,4
L5,75481,BSL376-2 SILICONE P/ C ABELO,-1,20,3.66,4
L3,65131,LIXA POP.RS.P/UNHA PCT.C/100 color,-11,0.05,0.25,3
L3,77095,COLAR,-2,8,1.33,3
L3,77456,LAGRIMAS MAGICAS ROSA 30ML FACE BEAUTIFU,-1,15.6,2.6,3
L3,202224,ESCOVA PR.C.BR.P/UNHA-CX.DISP.,-1,1.29,2.78,3
L5,30398,"VITAMINA OLEO SILICONADO 2,8ML",-1,0.59,2.9,3
L5,30406,"VITAMINA OLEO AMENDOAS 2,8ML",-1,0.59,2.9,3
L5,30409,"VITAMINA DE CAMOMILA 2,8 ML",-1,0.59,2.9,3
L5,76405,DELINEADOR LIQUIDO MAGNETICO,-2,9.8,1.63,3
L5,76518,WZS521 CINTO,-2,8.4,1.4,3
L3,5523,PALITO CHANF ST CLARA UN,-1,5.18,1.9,2
L3,16204,PALITO CUTIC ESP BELLIZ,-1,0.88,1.9,2
L5,3897,ELASTICO MEU MEU,-1,0.98,2.5,2
L5,19227,ESM LUD NUDE SERENA,-1,0.01,2,2
L5,64454,PINCA DE METAL PARA UNHA DF-PF045014-04-,-1,9.8,1.72,2
L5,76387,KIT NAVALHA,-2,7,1.23,2
L5,76512,WZS503 CINTO,-1,9,1.5,2
L3,40995,2 PINCEL P/ GEL CERDA SINT. No 6 REF PCD,-1,0.54,1,1
L3,62659,PEDRA DE JADE ROLO,-2,7.49,0.58,1
L5,2957,TIARA 112.77,-1,1.59,0.58,1
L5,5884,TIC TAC 994639,-1,0.17,1.25,1
L5,74889,BATOM LIQUIDO DUO D08 HBF5688 RUBYROSE,-1,0.3,0.62,1
L5,77664,MASSAGEADOR,-1,0.35,0.7,1
L3,12575,LIXA MINI POP CAN  ST CLARA UN,-209,1.46,0,0
L3,14787,KIT(1 TESOURA COM PENTE PARA SOBRANCELHA,-4,3.3,0.01,0
L3,41026,KIT GRAMPOS,-2,0.01,0.01,0
L3,44500,REFIL DE BROCA DAFU,-1,15.36,0.02,0
L3,52465,GRAMPO 6,-2,0.01,0.01,0
L3,60546,PALITO LARANJEIRA SANTA CLARA PEQUENO DE,-9,0.01,0,0
L3,65129,LIXA MEDIA RS.P/UNHA PCT.C/100,-1,4.14,0.25,0
L3,77081,PIRANHA PARA CABELO,-6,2.88,0.05,0
L5,1,COLAR PER +FLOR+ FITA 01,-2,21.39,0,0
L5,1290,BR DOU CHIQ 082,-1,0,0.02,0
L5,74757,BATOM 24H VERDE,-1,0.4,0.07,0
